Room Name,Stakeholder
Patient Room 101,Patient
Patient Room 102,Patient
Patient Room 103,Patient
Patient Room 104,Patient
Patient Room 105,Patient
Emergency Room 201,Dr. John Smith (ER Specialist)
Emergency Room 201,Dr. Clara Bell (Gastroenterologist)
Emergency Room 201X,Dr. Clara Bell (Gastroenterologist)
ICU Room 202,Dr. Sarah Lee (ICU Specialist)
ICU Room 202,Nurse Robert Brown (ICU Nurse)
ICU Room 202,Dr. Clara Bell (Gastroenterologist)
Pediatric Room 203,Dr. Alice Lee (Pediatrician)
Pediatric Room 203,Nurse Mary Adams (Pediatric Nurse)
Pediatric Room 203,Dr. Clara Bell (Gastroenterologist)
Cardiology Room 204,Dr. James Davis (Cardiologist)
Cardiology Room 204,Nurse Rachel Perez (Cardiac Nurse)
Cardiology Room 204,Dr. Clara Bell (Gastroenterologist)
Oncology Room 205,Dr. Karen Brooks (Oncologist)
Oncology Room 205,Nurse Samuel Harris (Oncology Nurse)
Oncology Room 205,Nurse Lisa Scott (Gastro Nurse)
Maternity Room 301,Dr. Emily Thomas (Obstetrician)
Maternity Room 301,Nurse Patricia Clark (Maternity Nurse)
Maternity Room 301,Dr. Anna Lewis (Rehabilitation Specialist)
Orthopedic Room 302,Dr. Michael Brown (Orthopedic Surgeon)
Orthopedic Room 302,Nurse Katherine Scott (Orthopedic Nurse)
Orthopedic Room 302,Nurse Katherine Scott (Orthopedic Nurse)
Neurology Room 303,Dr. Edward King (Neurologist)
Neurology Room 303,Nurse Julia Miller (Neurology Nurse)
Neurology Room 303,Dr. Anna Lewis (Rehabilitation Specialist)
Surgical Room 304,Dr. John Harris (Surgeon)
Surgical Room 304,Nurse Laura Thomas (Surgical Nurse)
Surgical Room 304,Dr. Anna Lewis (Rehabilitation Specialist)
Gastroenterology Room 305,Dr. Clara Bell (Gastroenterologist)
Gastroenterology Room 305,Nurse Lisa Scott (Gastro Nurse)
Gastroenterology Room 305,Physical Therapist James Green (Rehab)
Psychiatric Room 401,Dr. Robert White (Psychiatrist)
Psychiatric Room 401,Nurse Hannah Gray (Psychiatric Nurse)
Psychiatric Room 401,Physical Therapist James Green (Rehab)
Rehabilitation Room 402,Dr. Anna Lewis (Rehabilitation Specialist)
Rehabilitation Room 402,Physical Therapist James Green (Rehab)
Rehabilitation Room 402,Technician Paul Brown (Radiology Tech)
X-ray Room 403,Dr. Linda Carter (Radiologist)
X-ray Room 403,Technician Paul Brown (Radiology Tech)
X-ray Room 403,Dr. John Scott (Radiologist)
CT Scan Room 404,Dr. John Scott (Radiologist)
CT Scan Room 404,Technician Lisa White (CT Tech)
CT Scan Room 404,Dr. John Scott (Radiologist)
MRI Room 405,Dr. Emily Johnson (Radiologist)
MRI Room 405(A),Technician Charlie Black (MRI Tech)
MRI Room 405(B),Technician Charlie Black (MRI Tech)
MRI Room  406,Technician Charlie Black (MRI Tech)
MRI Room   407,Technician Charlie Black (MRI Tech)
MRI Room   408,Technician Charlie Black (MRI Tech)
Patient Room 409,Dr. Emily Johnson (Radiologist)
Patient Room 410,Dr. Emily Johnson (Radiologist)
Patient Room 411,Dr. Emily Johnson (Radiologist)
Patient Room 412,Dr. Emily Johnson (Radiologist)
Patient Room 413,Technician Lisa White (CT Tech)
Patient Room 414,Technician Lisa White (CT Tech)
Patient Room 415,Technician Lisa White (CT Tech)
Patient Room 416,Technician Lisa White (CT Tech)
Patient Room 417,Dr. John Scott (Radiologist)
Patient Room 418,Dr. John Scott (Radiologist)
Patient Room 419,Technician Paul Brown (Radiology Tech)
Patient Room 420,Technician Paul Brown (Radiology Tech)
Patient Room 421,Technician Paul Brown (Radiology Tech)
Patient Room 422,Dr. Linda Carter (Radiologist)
Patient Room 423,Dr. Linda Carter (Radiologist)
Patient Room 424,Dr. Linda Carter (Radiologist)
Patient Room 425,Dr. Linda Carter (Radiologist)
Patient Room 426,Physical Therapist James Green (Rehab)
Patient Room 427,Physical Therapist James Green (Rehab)
Patient Room 428,Dr. Anna Lewis (Rehabilitation Specialist)
Patient Room 429,Patient
Patient Room 430,Patient
Patient Room 431,Patient
Patient Room 432,Patient
Patient Room 433,Patient
Patient Room 434,Patient
Patient Room 435,Patient
Patient Room 436,Patient
Patient Room 437,Patient
Patient Room 438,Patient
Patient Room 439,Patient
Patient Room 440,Dr. Michael Brown (Orthopedic Surgeon)
Patient Room 441,Dr. Michael Brown (Orthopedic Surgeon)
Patient Room 442,Dr. Michael Brown (Orthopedic Surgeon)
Patient Room 443,Dr. Michael Brown (Orthopedic Surgeon)
Patient Room 444,Dr. Michael Brown (Orthopedic Surgeon)
Patient Room 445,Dr. Michael Brown (Orthopedic Surgeon)
Patient Room 446,Nurse Laura Thomas (Surgical Nurse)
Patient Room 447,Nurse Laura Thomas (Surgical Nurse)
Patient Room 448,Nurse Laura Thomas (Surgical Nurse)
Patient Room 449,Nurse Laura Thomas (Surgical Nurse)
Patient Room 450,Patient
Patient Room 451,Patient
Patient Room 452,Nurse Katherine Scott (Orthopedic Nurse)
Patient Room 453,Nurse Katherine Scott (Orthopedic Nurse)
Patient Room 454,Nurse Katherine Scott (Orthopedic Nurse)
Patient Room 455,Nurse Katherine Scott (Orthopedic Nurse)
Patient Room 456,Nurse Katherine Scott (Orthopedic Nurse)
Patient Room 457,Patient
Patient Room 458,Patient
Patient Room 459,Patient
Patient Room 460,Patient
Patient Room 461,Patient
Patient Room 462,Patient
Patient Room 463,Patient
Patient Room 464,Patient
Patient Room 465,Patient
Patient Room 466,Patient
Patient Room 467,Patient
Patient Room 468,Patient
Patient Room 469,Patient
Patient Room 470,Patient
Patient Room 471,Patient
Patient Room 472,Patient
Patient Room 473,Patient
Patient Room 474,Patient
Patient Room 475,Patient
Patient Room 476,Patient
Patient Room 477,Patient
Patient Room 478,Patient
Patient Room 479,Patient
Patient Room 480,Patient
Patient Room 481,Patient
Patient Room 482,Nurse Lisa Scott (Gastro Nurse)
Patient Room 483,Patient
Patient Room 484,Patient
Patient Room 485,Nurse Lisa Scott (Gastro Nurse)
Patient Room 486,Patient
Patient Room 487,Patient
Patient Room 488,Nurse Lisa Scott (Gastro Nurse)
Patient Room 489,Nurse Patricia Clark (Maternity Nurse)
Patient Room 490,Nurse Patricia Clark (Maternity Nurse)
Patient Room 491,Nurse Lisa Scott (Gastro Nurse)
Patient Room 492,Nurse Patricia Clark (Maternity Nurse)
Patient Room 493,Nurse Patricia Clark (Maternity Nurse)
Patient Room 494,Nurse Patricia Clark (Maternity Nurse)
Patient Room 495,Patient
Patient Room 496,Patient
Patient Room 497,Patient
Patient Room 498,Patient
Patient Room 499,Patient
Patient Room 500,Patient
Patient Room 501,Patient
Patient Room 502,Patient
Patient Room 503,Patient
Patient Room 504,Patient
Patient Room 505,Patient
Patient Room 506,Patient
Patient Room 507,Patient
Patient Room 508,Patient
Patient Room 509,Patient
Patient Room 510,Patient
Patient Room 511,Patient
Patient Room 512,Patient
Patient Room 513,Patient
Patient Room 514,Patient
Patient Room 515,Patient
Patient Room 516,Patient
Patient Room 517,Patient
Patient Room 518,Patient
Patient Room 519,Patient
Patient Room 520,Patient
Patient Room 521,Patient
Patient Room 522,Patient
Patient Room 523,Patient
Patient Room 524,Patient
Patient Room 525,Patient
Patient Room 526,Patient
Patient Room 527,Patient
Patient Room 528,Patient
Patient Room 529,Patient
Patient Room 530,Patient
Patient Room 531,Patient
Patient Room 532,Patient
Patient Room 533,Patient
Patient Room 534,Patient
Patient Room 535,Patient
Patient Room 536,Patient
Patient Room 537,Patient
Patient Room 538,Patient
Patient Room 539,Patient
Patient Room 540,Patient
Patient Room 541,Patient
Patient Room 542,Patient
Patient Room 543,Patient
Patient Room 544,Patient
Patient Room 545,Patient
Patient Room 546,Patient
Patient Room 547,Patient
Patient Room 548,Patient
Patient Room 549,Patient
Patient Room 550,Patient
Patient Room 551,Patient
Patient Room 552,Patient
Patient Room 553,Dr. Emily Thomas (Obstetrician)
Patient Room 554,Dr. Emily Thomas (Obstetrician)
Patient Room 555,Dr. Emily Thomas (Obstetrician)
Patient Room 556,Dr. Emily Thomas (Obstetrician)
Patient Room 557,Patient
Patient Room 558,Patient
Patient Room 559,Patient
Patient Room 560,Patient
Patient Room 561,Patient
Patient Room 562,Dr. John Harris (Surgeon)
Patient Room 563,Dr. John Harris (Surgeon)
Patient Room 564,Dr. John Harris (Surgeon)
Patient Room 565,Dr. John Harris (Surgeon)
Patient Room 566,Dr. John Harris (Surgeon)
Patient Room 567,Patient
Patient Room 568,Patient
Patient Room 569,Patient
Patient Room 570,Patient
Patient Room 571,Patient
Patient Room 572,Patient
Patient Room 573,Patient
Patient Room 574,Patient
Patient Room 575,Patient
Patient Room 576,Patient
Patient Room 577,Patient
Patient Room 578,Patient
Patient Room 579,Patient
Patient Room 580,Patient
Patient Room 581,Patient
Patient Room 582,Patient
Patient Room 583,Patient
Patient Room 584,Patient
Patient Room 585,Patient
Patient Room 586,Patient
Patient Room 587,Patient
Patient Room 588,Dr. Edward King (Neurologist)
Patient Room 589,Patient
Patient Room 590,Patient
Patient Room 591,Dr. Edward King (Neurologist)
Patient Room 592,Patient
Patient Room 593,Dr. Edward King (Neurologist)
Patient Room 594,Patient
Patient Room 595,Dr. Edward King (Neurologist)
Patient Room 596,Patient
Patient Room 597,Patient
Patient Room 598,Dr. Edward King (Neurologist)
Patient Room 599,Patient
Patient Room 600,Patient
Patient Room 601,Patient
Patient Room 602,Dr. Edward King (Neurologist)
Patient Room 603,Patient
Patient Room 604,Dr. Edward King (Neurologist)
Patient Room 605,Patient
Patient Room 606,Patient
Patient Room 607,Patient
Patient Room 608,Patient
Patient Room 609,Patient
Patient Room 610,Patient
Patient Room 611,Patient
Patient Room 612,Patient
Patient Room 613,Patient
Patient Room 614,Patient
Patient Room 615,Patient
Patient Room 616,Patient
Patient Room 617,Patient
Patient Room 618,Patient
Patient Room 619,Patient
Patient Room 620,Patient
Patient Room 621,Patient
Patient Room 622,Patient
Patient Room 623,Patient
Patient Room 624,Patient
Patient Room 625,Patient
Patient Room 626,Patient
Patient Room 627,Patient
Patient Room 628,Patient
Patient Room 629,Patient
Patient Room 630,Dr. Anna Lewis (Rehabilitation Specialist)
Patient Room 631,Patient
Patient Room 632,Patient
Patient Room 633,Patient
Patient Room 634,Patient
Patient Room 635,Nurse Julia Miller (Neurology Nurse)
Patient Room 636,Patient
Patient Room 637,Patient
Patient Room 638,Patient
Patient Room 639,Nurse Julia Miller (Neurology Nurse)
Patient Room 640,Nurse Julia Miller (Neurology Nurse)
Patient Room 641,Nurse Julia Miller (Neurology Nurse)
Patient Room 642,Nurse Julia Miller (Neurology Nurse)
Patient Room 643,Patient
Patient Room 644,Patient
Patient Room 645,Patient
Patient Room 646,Patient
Patient Room 647,Patient
Patient Room 648,Patient
Patient Room 649,Patient
Patient Room 650,Patient
Patient Room 651,Patient
Patient Room 652,Patient
Patient Room 653,Patient
Patient Room 654,Patient
Patient Room 655,Patient
Patient Room 656,Patient
Patient Room 657,Patient
Patient Room 658,Patient
Patient Room 659,Patient
Patient Room 660,Patient
Patient Room 661,Patient
Patient Room 662,Patient
Patient Room 663,Patient
Patient Room 664,Patient
Patient Room 665,Patient
Patient Room 666,Patient
Patient Room 667,Patient
Patient Room 668,Patient
Patient Room 669,Patient
Patient Room 670,Patient
Patient Room 671,Patient
Patient Room 672,Patient
Patient Room 673,Patient
Patient Room 674,Patient
Patient Room 675,Patient
Patient Room 676,Patient
Patient Room 677,Patient
Patient Room 678,Patient
Patient Room 679,Patient
Patient Room 680,Patient
Patient Room 681,Patient
Patient Room 682,Patient
Patient Room 683,Patient
Patient Room 684,Patient
Patient Room 685,Patient
Patient Room 686,Patient
Patient Room 687,Patient
Patient Room 688,Patient
Patient Room 689,Patient
Patient Room 690,Patient
Patient Room 691,Patient
Patient Room 692,Patient
Patient Room 693,Patient
Patient Room 694,Patient
Patient Room 695,Patient
Patient Room 696,Patient
Patient Room 697,Patient
Patient Room 698,Patient
Patient Room 699,Patient
Patient Room 700,Patient
Patient Room 701,Patient
Patient Room 702,Patient
Patient Room 703,Patient
Patient Room 704,Patient
Patient Room 705,Patient
Patient Room 706,Patient
Patient Room 707,Patient
Patient Room 708,Patient
Patient Room 709,Patient
Patient Room 710,Patient
Patient Room 711,Patient
Patient Room 712,Patient
Patient Room 713,Patient
Patient Room 714,Patient
Patient Room 715,Patient
Patient Room 716,Patient
Patient Room 717,Patient
Patient Room 718,Patient
Patient Room 719,Patient
Patient Room 720,Patient
Patient Room 721,Patient
Patient Room 722,Patient
Patient Room 723,Patient
Patient Room 724,Patient
Patient Room 725,Patient
Patient Room 726,Patient
Patient Room 727,Patient
Patient Room 728,Patient
Patient Room 729,Patient
Patient Room 730,Patient
Patient Room 731,Patient
Patient Room 732,Patient
Patient Room 733,Patient
Patient Room 734,Patient
Patient Room 735,Patient
Patient Room 736,Patient
Patient Room 737,Patient
Patient Room 738,Patient
Patient Room 739,Patient
Patient Room 740,Patient
Patient Room 741,Patient
Patient Room 742,Patient
Patient Room 743,Patient
Patient Room 744,Patient
Patient Room 745,Patient
Patient Room 746,Patient
Patient Room 747,Patient
Patient Room 748,Patient
Patient Room 749,Patient
Patient Room 750,Patient
Patient Room 751,Patient
Patient Room 752,Patient
Patient Room 753,Patient
Patient Room 754,Patient
Patient Room 755,Patient
Patient Room 756,Patient
Patient Room 757,Patient
Patient Room 758,Patient
Patient Room 759,Patient
Patient Room 760,Patient
Patient Room 761,Patient
Patient Room 762,Patient
Patient Room 763,Patient
Patient Room 764,Patient
Patient Room 765,Patient
Patient Room 766,Patient
Patient Room 767,Patient
Patient Room 768,Patient
Patient Room 769,Patient
Patient Room 770,Patient
Patient Room 771,Patient
Patient Room 772,Patient
Patient Room 773,Patient
Patient Room 774,Patient
Patient Room 775,Patient
Patient Room 776,Patient
Patient Room 777,Patient
Patient Room 778,Patient
Patient Room 779,Patient
Patient Room 780,Patient
Patient Room 781,Patient
Patient Room 782,Patient
Patient Room 783,Patient
Patient Room 784,Patient
Patient Room 785,Patient
Patient Room 786,Patient
Patient Room 787,Patient
Patient Room 788,Patient
Patient Room 789,Patient
Patient Room 790,Patient
Patient Room 791,Patient
Patient Room 792,Patient
Patient Room 793,Patient
Patient Room 794,Patient
Patient Room 795,Patient
Patient Room 796,Patient
Patient Room 797,Patient
Patient Room 798,Patient
Patient Room 799,Patient
Patient Room 800,Patient
Patient Room 801,Patient
Patient Room 802,Patient
Patient Room 803,Patient
Patient Room 804,Patient
Patient Room 805,Patient
Patient Room 806,Patient
Patient Room 807,Patient
Patient Room 808,Patient
Patient Room 809,Patient
Patient Room 810,Patient
Patient Room 811,Patient
Patient Room 812,Patient
Patient Room 813,Patient
Patient Room 814,Patient
Patient Room 815,Patient
Patient Room 816,Patient
Patient Room 817,Patient
Patient Room 818,Patient
Patient Room 819,Patient
Patient Room 820,Patient
Patient Room 821,Patient
Patient Room 822,Patient
Patient Room 823,Patient
Patient Room 824,Patient
Patient Room 825,Patient
Patient Room 826,Patient
Patient Room 827,Patient
Patient Room 828,Patient
Patient Room 829,Patient
Patient Room 830,Patient
Patient Room 831,Patient
Patient Room 832,Patient
Patient Room 833,Patient
Patient Room 834,Patient
Patient Room 835,Patient
Patient Room 836,Patient
Patient Room 837,Patient
Patient Room 838,Patient
Patient Room 839,Patient
Patient Room 840,Patient
Patient Room 841,Patient
Patient Room 842,Patient
Patient Room 843,Patient
Patient Room 844,Patient
Patient Room 845,Patient
Patient Room 846,Patient
Patient Room 847,Patient
Patient Room 848,Patient
Patient Room 849,Patient
Patient Room 850,Patient
Patient Room 851,Patient
Patient Room 852,Patient
Patient Room 853,Patient
Patient Room 854,Patient
Patient Room 855,Patient
Patient Room 856,Patient
Patient Room 857,Patient
Patient Room 858,Patient
Patient Room 859,Patient
Patient Room 860,Patient
Patient Room 861,Patient
Patient Room 862,Patient
Patient Room 863,Patient
Patient Room 864,Patient
Patient Room 865,Patient
Patient Room 866,Patient
Patient Room 867,Patient
Patient Room 868,Patient
Patient Room 869,Patient
Patient Room 870,Patient
Patient Room 871,Patient
Patient Room 872,Patient
Patient Room 873,Patient
Patient Room 874,Patient
Patient Room 875,Patient
Patient Room 876,Patient
Patient Room 877,Patient
Patient Room 878,Patient
Patient Room 879,Patient
Patient Room 880,Patient
Patient Room 881,Patient
Patient Room 882,Patient
Patient Room 883,Patient
Patient Room 884,Patient
Patient Room 885,Patient
Patient Room 886,Patient
Patient Room 887,Patient
Patient Room 888,Patient
Patient Room 889,Patient
Patient Room 890,Patient
Patient Room 891,Patient
Patient Room 892,Patient
Patient Room 893,Patient
Patient Room 894,Patient
Patient Room 895,Patient
Patient Room 896,Patient
Patient Room 897,Patient
Patient Room 898,Patient
Patient Room 899,Patient
Patient Room 900,Patient
Patient Room 901,Patient
Patient Room 902,Patient
Patient Room 903,Patient
Patient Room 904,Patient
Patient Room 905,Patient
ICU Room 906,Dr. Sarah Lee (ICU Specialist)
ICU Room 906,Nurse Robert Brown (ICU Nurse)
ICU Room 906,Patient
Pediatric Room 907,Dr. Alice Lee (Pediatrician)
Pediatric Room 907,Nurse Mary Adams (Pediatric Nurse)
Pediatric Room 907,Patient
Cardiology Room 908,Dr. James Davis (Cardiologist)
Cardiology Room 908,Nurse Rachel Perez (Cardiac Nurse)
Cardiology Room 908,Patient
Oncology Room 909,Dr. Karen Brooks (Oncologist)
Oncology Room 909,Nurse Samuel Harris (Oncology Nurse)
Oncology Room 909,Patient
Emergency Room 910,Dr. John Smith (ER Specialist)
Emergency Room 910,Nurse Jane Doe (ER Nurse)
Emergency Room 910,Patient
ICU Room 911,Dr. Sarah Lee (ICU Specialist)
ICU Room 911,Nurse Robert Brown (ICU Nurse)
ICU Room 911,Nurse Rachel Perez (Cardiac Nurse)
Pediatric Room 912,Dr. Alice Lee (Pediatrician)
Pediatric Room 912,Nurse Mary Adams (Pediatric Nurse)
Pediatric Room 912,Patient
Cardiology Room 913,Dr. James Davis (Cardiologist)
Cardiology Room 913,Nurse Rachel Perez (Cardiac Nurse)
Cardiology Room 913,Patient
Oncology Room 914,Dr. Karen Brooks (Oncologist)
Oncology Room 914,Nurse Samuel Harris (Oncology Nurse)
Oncology Room 914,Patient
Emergency Room 915,Dr. John Smith (ER Specialist)
Emergency Room 915,Nurse Jane Doe (ER Nurse)
Emergency Room 915,Patient
ICU Room 916,Dr. Sarah Lee (ICU Specialist)
ICU Room 916,Nurse Robert Brown (ICU Nurse)
ICU Room 916,Dr. James Davis (Cardiologist)
Pediatric Room 917,Dr. Alice Lee (Pediatrician)
Pediatric Room 917,Nurse Mary Adams (Pediatric Nurse)
Pediatric Room 917,Nurse Jane Doe (ER Nurse) 
Cardiology Room 918,Dr. James Davis (Cardiologist)
Cardiology Room 918,Nurse Rachel Perez (Cardiac Nurse)
Cardiology Room 918,Dr. Karen Brooks (Oncologist)
Oncology Room 919,Dr. Karen Brooks (Oncologist)
Oncology Room 919,Nurse Samuel Harris (Oncology Nurse)
Oncology Room 919,Patient
Emergency Room 920,Dr. John Smith (ER Specialist)
Emergency Room 920,Nurse Jane Doe (ER Nurse)
Emergency Room 920,Nurse Samuel Harris (Oncology Nurse)
ICU Room 921,Dr. Sarah Lee (ICU Specialist)
ICU Room 921,Nurse Robert Brown (ICU Nurse)
ICU Room 921,Dr. John Smith (ER Specialist)
Pediatric Room 922,Dr. Alice Lee (Pediatrician)
